{
    "_c_pmuh": {
        "_c_dkya vhz weidtcbstmmydklya _c_dkya": 0.5647427061785857
    }, 
    "_c_favo": {
        "_c_dkya mtlndaxgbccbwgcrr _e_abva _c_ygmr lyjljnjkw _e_abva _c_ygmr": 0.8173942958575764, 
        "divu _c_pmuh _c_pmuh _c_ygmr gvtrvecqregr _c_ygmr _c_pmuh wadkocrve": 0.19778416466453397, 
        "_c_pmuh rmldfkygugfvyi _e_abva y": 0.6751365275504874, 
        "_c_dkya t": 0.7349910118301877, 
        "_c_dkya _c_ygmr _c_dkya": 0.5585517528137834, 
        "_c_pmuh pcz _c_ygmr _c_ygmr _c_ygmr": 0.16103072583314526, 
        "_c_ygmr _c_pmuh _c_dkya xfxyafumqd _c_dkya": 0.09861242173861118, 
        "_c_ygmr _c_ygmr mswnc _c_pmuh _c_dkya _c_ygmr _c_dkya _c_pmuh": 0.28979596529915486, 
        "vdqui _c_dkya _c_dkya _c_ygmr _e_abva": 0.5702654682443768
    }, 
    "_c_ybxo": {
        "_c_whsl _c_whsl _c_txds _c_whsl _c_whsl": 0.7673205482504808, 
        "_c_favo _c_pmuh _c_txds _c_txds _c_txds _c_txds": 0.6278016697220664, 
        "_c_whsl _c_whsl _c_favo _c_txds _c_txds _c_whsl _c_ygmr _c_pmuh _c_pmuh": 0.030576935652956827, 
        "_c_txds _c_favo _c_txds _c_txds _c_whsl _c_txds _c_txds": 0.5224948599482792, 
        "_c_favo _c_whsl lt _c_whsl": 0.950743250137573, 
        "_c_txds _c_txds _c_whsl _c_whsl": 0.7118303465607939, 
        "_c_favo _c_favo _c_favo": 0.38656182678959883, 
        "_c_favo _c_ygmr _c_txds _c_pmuh _c_txds": 0.7639817268605021, 
        "uiyjvvje _c_pmuh _c_txds": 0.5214661473459918, 
        "_c_favo _c_ygmr _c_favo": 0.39778718583281425, 
        "_c_whsl _c_favo _c_favo _c_ygmr _c_ygmr": 0.7826448078074043, 
        "_c_favo _c_whsl _c_txds _c_dkya _c_dkya _c_favo _c_favo _c_favo": 0.23726809671464621, 
        "_c_whsl _c_favo _c_pmuh _c_ygmr _c_favo _c_whsl _c_whsl": 0.7596049319562305, 
        "_c_txds _c_txds": 0.6169649272421767, 
        "_c_whsl _c_whsl _c_txds _c_ygmr _c_favo _c_dkya _c_txds _c_ygmr": 0.4099036273928184, 
        "_c_ygmr _c_txds _c_ygmr _c_favo": 0.24196375520382818, 
        "_c_txds _c_pmuh _c_ygmr _c_whsl _c_dkya _c_favo _c_favo": 0.6423089079656262
    }, 
    "_c_jwvx": {
        "_c_kcgg _c_whsl _c_txds _c_kcgg": 0.06525220194614234, 
        "_c_kcgg _c_kcgg _c_whsl _c_kcgg": 0.421443913277573, 
        "_c_whsl _c_txds _c_kcgg _c_kcgg": 0.8705349582039258, 
        "_c_whsl _c_ybxo _c_ybxo": 0.3550582712446265, 
        "_c_txds _c_kcgg _c_kcgg _c_ybxo": 0.7335664509786372, 
        "_c_kcgg _c_ybxo _c_kcgg": 0.46638434569942566, 
        "_c_favo _c_ybxo": 0.34640138439041523, 
        "_c_ybxo _c_kcgg _c_kcgg": 0.8630036137518861, 
        "_c_ybxo _c_whsl _c_ygmr _c_kcgg _c_kcgg": 0.8951502438408292, 
        "_c_kcgg _c_whsl _c_ygmr _c_favo _c_kcgg _c_txds _c_kcgg _c_whsl": 0.14697020039052122, 
        "_c_ybxo _c_ybxo _c_txds _c_favo _c_ybxo _c_whsl _c_favo _c_kcgg _c_kcgg": 0.09778507727693442
    }, 
    "_c_txds": {
        "_c_ygmr eblgubm _c_pmuh _c_favo _c_favo _c_pmuh": 0.9864733796499817, 
        "_c_favo _c_favo _c_favo _c_dkya _c_ygmr _c_favo _c_pmuh": 0.5214191256059859, 
        "wcdxuwatoe aivsn _c_favo": 0.28990040436206554, 
        "_c_dkya _c_ygmr _c_favo _c_favo _c_favo": 0.8461482008266301, 
        "_c_pmuh _c_ygmr piopedsvfk _c_pmuh _c_ygmr _c_ygmr hzlkxwqif _c_pmuh": 0.9049605003930822, 
        "_c_dkya dgyxxr _c_ygmr _c_ygmr eblgubm _c_ygmr": 0.10246025862509722, 
        "_c_favo _c_favo _c_dkya _c_favo k": 0.4818899812815358, 
        "ewnbwrkkjoeoofl": 0.337622256251525, 
        "_c_favo _c_favo _c_dkya": 0.7791602948100574
    }, 
    "_c_whsl": {
        "_c_pmuh _c_pmuh _c_dkya _c_txds _c_favo _c_dkya _c_ygmr _c_favo u": 0.5072367499287741, 
        "_c_txds _c_ygmr _c_ygmr _c_ygmr _c_favo _c_txds _c_txds": 0.5014566791818335, 
        "_c_ygmr _c_favo _c_ygmr": 0.5440192927516792, 
        "_c_ygmr _c_dkya _c_txds _c_ygmr _c_pmuh _c_favo _c_dkya _c_favo": 0.14809392833198265, 
        "_c_favo _c_txds _c_favo _c_pmuh gvtrvecqregr _c_favo": 0.42010368948717103, 
        "_c_txds _c_txds _c_txds _c_txds": 0.9884202846757353, 
        "_c_ygmr _c_txds _c_pmuh _c_txds _c_dkya": 0.19072798736180074, 
        "_c_pmuh _c_ygmr _c_favo _c_txds": 0.46012475355952354
    }, 
    "_c_nfzh": {
        "_c_ybxo _c_kcgg _c_jwvx _c_jwvx _c_favo _c_jwvx": 0.6498262190618157, 
        "_c_ybxo _c_jwvx _c_txds _c_jwvx _c_ygmr": 0.21045734863514487, 
        "_c_jwvx _c_jwvx _c_whsl _c_ybxo _c_jwvx": 0.7459109452352907, 
        "_c_whsl _c_favo _c_jwvx _c_whsl _c_jwvx _c_jwvx _c_favo _c_jwvx _c_txds": 0.002175004329371233, 
        "_c_txds _c_kcgg _c_jwvx _c_kcgg _c_jwvx _c_jwvx _c_jwvx _c_favo": 0.7316383342022857, 
        "_c_kcgg _c_kcgg hfrgnj _c_whsl _c_jwvx _c_jwvx": 0.230222870682524, 
        "_c_jwvx _c_kcgg _c_jwvx _c_whsl _c_jwvx _c_whsl _c_jwvx _c_ybxo _c_jwvx": 0.20808030542503886, 
        "_c_ybxo _c_dkya _c_jwvx _c_jwvx": 0.3872972108586362, 
        "_c_jwvx _c_kcgg _c_whsl _c_jwvx _c_whsl _c_txds _c_whsl": 0.9543285000706955
    }, 
    "_e_abva": {
        "y eafadz lqmsgsu": 0.6498237003914114, 
        "vh": 0.18246432330955953, 
        "mjklsi": 0.5456606458792912, 
        "ogrt": 0.6551684536982623, 
        "eblgubm": 0.34113102619247604, 
        "tazudkieviln": 0.10550713172792536, 
        "vhz von lyjljnjkw": 0.48801933882775583, 
        "hhahzclovyacay wgqpagzyeqkex wcdxuwatoe ajfkfaq": 0.21034460538544908, 
        "vuduj": 0.6364865682199844, 
        "d ffoeaot": 0.19802573085994957, 
        "vuduj srtew uiyjvvje": 0.8497824619183592, 
        "yotmhxtcmqg divu noptng wb": 0.371409872784795, 
        "ihjoalckfs": 0.6400022190195072, 
        "ewnbwrkkjoeoofl qyxpesvpvfsk pcz": 0.961608109191795, 
        "srtew vqegbxlsllt": 0.2347092837848559, 
        "dcizq von v": 0.9946044338546763, 
        "njblh divu": 0.01781296517328934, 
        "bwdklfhm noptng ewnbwrkkjoeoofl": 0.5750720955939074, 
        "vbpl h": 0.3871097480215745, 
        "vdqui uiyjvvje ehkkfqkzfghn mswnc": 0.38080707706825667, 
        "s dvli": 0.41626050110826796, 
        "uiyjvvje vfgmuz": 0.6410021817752621, 
        "lqmsgsu sd w": 0.3758614883346313, 
        "m": 0.8281679356481964, 
        "piopedsvfk": 0.06443099491086968, 
        "dvli h h eafadz": 0.44428078563639817, 
        "lqmsgsu": 0.4349561491158478, 
        "scpwgwtzrk h": 0.4097811393059261, 
        "doqwmjweukdhvfl wgqpagzyeqkex yotmhxtcmqg ajfkfaq": 0.9250270113863123, 
        "njblh jx": 0.652162200553484, 
        "dcizq ffoeaot weidtcbstmmydklya": 0.849920855158681
    }, 
    "_c_ygmr": {
        "_c_pmuh ihjoalckfs _c_pmuh _c_dkya _c_pmuh": 0.22769917624367408
    }, 
    "_c_dkya": {
        "lt ihjoalckfs ncbhgqojr wqhkpjfycheokl": 0.14116190356590597, 
        "d hfrgnj s aivsn vdqui": 0.07759227037400174, 
        "uiyjvvje": 0.6882676007868593, 
        "d krlxdzoxmieavy vdqui dvli mw": 0.2809133930907399, 
        "ewnbwrkkjoeoofl _e_abva": 0.13111606676074583, 
        "_e_qdgq _e_abva bimcwgtymvd lqmsgsu k": 0.12535616833511298, 
        "ihjoalckfs sd von dvli sd": 0.41130949932825, 
        "_e_qdgq dvli wb ajfkfaq tazudkieviln": 0.09325268137536824, 
        "aivsn wqhkpjfycheokl doqwmjweukdhvfl": 0.6980262139172658, 
        "k yotmhxtcmqg v": 0.5998339261165239, 
        "von ncbhgqojr": 0.8798390527988514, 
        "doqwmjweukdhvfl _e_qdgq yotmhxtcmqg sd pciwzfkshsvqbiztaou": 0.15836845128462884, 
        "ewnbwrkkjoeoofl xfxyafumqd k eafadz sd lstzekoq hzlkxwqif g": 0.17304857553707897, 
        "wgqpagzyeqkex lstzekoq _e_qdgq bwdklfhm lyjljnjkw tazudkieviln piopedsvfk u": 0.06777331203724846
    }, 
    "_e_qdgq": {
        "pciwzfkshsvqbiztaou lyjljnjkw k w": 0.8709952600039984, 
        "noptng ehkkfqkzfghn m": 0.26446759899246797, 
        "vh": 0.5110971688594385, 
        "von": 0.4049089517319807, 
        "xmmv vfgmuz": 0.9489258128715435, 
        "wcdxuwatoe s": 0.5289063551401194,