{
    "_c_disf": {
        "_e_afyz _c_kzop _c_tjoh _c_rygf": 0.35417306872963716, 
        "_c_mqmz _c_udrb _c_tjoh _c_tjoh": 0.5809528959242914
    }, 
    "_c_udrb": {
        "jbvtft": 0.6500752907918637, 
        "msfrlko wznhvr ezct icceofm": 0.7419826980743911, 
        "p": 0.1932010186206332, 
        "ovmpjtmvbiku u ii _e_afyz apmmryoxth vv _c_kzop": 0.813562629697098, 
        "_c_kzop": 0.8882858872090921, 
        "eaogc _e_jmst zckmpofhtadipzrvm _c_kzop _e_jmst": 0.4804627850144251, 
        "zagyb _c_kzop pmtyg _c_kzop _e_afyz _e_afyz": 0.877741387123774, 
        "_c_kzop dlzzvsz _c_kzop wgfjelkwkfaqwuiq wjygpwhlfkvbrswqv _e_afyz": 0.7651652706091284, 
        "tbphfjwqpo qdgeckfrirbi y _c_kzop _c_kzop": 0.10250155018610974
    }, 
    "_c_mqmz": {
        "_c_rygf _c_kzop _c_rygf _c_rygf _c_rygf _c_kzop _c_udrb": 0.06430014030963394, 
        "_c_wcoc _c_tjoh _c_tjoh _c_rygf": 0.20857668402383078, 
        "nmtnztlmyooqwxoh _c_tjoh _c_kzop _c_udrb": 0.463335973823659, 
        "_c_tjoh _c_tjoh": 0.387887057234789, 
        "_c_rygf mnnxmnfr _c_tjoh _c_tjoh fjcsvrdv _c_tjoh _c_tjoh _c_tjoh": 0.6864054238477624, 
        "_e_jmst gtbugd _c_tjoh _c_wcoc": 0.6321628121064349, 
        "_c_udrb _c_tjoh _e_afyz _c_wcoc _c_kzop": 0.3588894620186106, 
        "_c_tjoh _c_wcoc _c_tjoh _c_udrb": 0.21333834937625762, 
        "_c_tjoh _c_wcoc _c_tjoh _c_udrb _c_udrb _c_kzop _c_tjoh _c_tjoh": 0.2303581441129915, 
        "_c_rygf _c_tjoh _c_rygf _c_tjoh _c_tjoh dlzzvsz": 0.9897680376330904, 
        "_c_udrb _c_tjoh tzaoavchk _c_tjoh _c_rygf _c_wcoc": 0.42239517357062506, 
        "_e_afyz _c_rygf _c_tjoh": 0.5681101753496796
    }, 
    "_c_rygf": {
        "_c_udrb": 0.9125008076020451, 
        "_c_wcoc _e_jmst _c_wcoc": 0.7527997868410021, 
        "_e_jmst _e_jmst vssdgayosefoq _c_wcoc ephcbztdmqg _c_udrb _c_kzop": 0.8094394874485984, 
        "_c_wcoc _c_wcoc _c_wcoc _c_kzop _e_afyz": 0.047663870111032125, 
        "_c_wcoc": 0.6429231806194701, 
        "_c_udrb _c_udrb _c_udrb jcxtzud ibuegtanlmmokwhrhcn _c_udrb _c_kzop": 0.3368490656723385, 
        "_c_wcoc kd _c_udrb _c_udrb _c_kzop _c_wcoc _c_udrb _e_jmst": 0.0825277047675761, 
        "voewkbww _c_wcoc _c_wcoc _c_wcoc _c_wcoc _c_udrb": 0.8481313689676162, 
        "_c_wcoc _c_wcoc _c_udrb kdhqyzq": 0.8401236723843308, 
        "_c_udrb _c_wcoc _c_udrb zthy _c_wcoc _c_wcoc": 0.5329509979623533, 
        "_c_udrb _c_udrb _c_wcoc": 0.22844325740292826, 
        "_c_udrb _c_wcoc hedlqwf _c_kzop _c_kzop": 0.6530802497139406, 
        "fdntynpftkqsnqh _c_wcoc _c_kzop ezackpb": 0.2029445525998479, 
        "_c_kzop _c_udrb _c_wcoc _c_wcoc _c_wcoc": 0.3288042957113443
    }, 
    "_e_afyz": {
        "jcls jctlcz qzckjaxznyrbrmazh": 0.27332170496086916, 
        "nbvvxz wvyvmcat lrejcnl": 0.502980535851728, 
        "ehrbkb xjb": 0.5164200589093535, 
        "xdw k iynkwlconhgnbncpp c vgiwlxrh": 0.27822610227302125, 
        "xc": 0.5548696203188512, 
        "v ycrtsfohhz jcls": 0.03624167080538021, 
        "qkr fvpkgfo": 0.4073116203883812, 
        "kd szypekmfeof jubriytwvi": 0.8797083840411071, 
        "duwcgljnpb crta": 0.7186910068414428, 
        "eswtlvumcec": 0.6315637701796873, 
        "drvbc": 0.8604316573904693, 
        "tck": 0.7355335197174742, 
        "y v aamkudjdxqxqyb ugunjjbyy frfrvremfi": 0.028044036001638406, 
        "ulgf": 0.7423034190474816, 
        "mnnxmnfr": 0.24272609516122035, 
        "phgdabezrkhdc": 0.4306843684759102, 
        "jzqjaxcqha wyck aqondi ezct pzqaxuc": 0.8183222871323644, 
        "xpdmckbxaqr gzona ddn": 0.13591898456073526, 
        "fb qndbykxf": 0.9174547120361188, 
        "cionlyvjy uulqxx hecu gopp": 0.15532023766833747, 
        "omeslp eivbdyx wntbbpiwobhat": 0.44294889370808666, 
        "jcls": 0.6347656053116999, 
        "mzszfmplmsjhqnjq eydnd jctlcz jywbejnp": 0.884915063619546, 
        "jesaezugt ji": 0.04308310139196292, 
        "pkn": 0.13220646245228174, 
        "kuerorscjhdqte qrlkauzsru izupiqpr ukpjxnwg atl": 0.3877771243061452, 
        "fjcsvrdv": 0.000704180311066116, 
        "x vbniynegy": 0.5056690880369278, 
        "taxlp": 0.5277276573320129, 
        "lqgo xjb drvbc": 0.15304053806826068, 
        "tl fjcsvrdv wmnnnejl grsgqr": 0.5144876806210728, 
        "kxlfmvxorbyfg": 0.07144085138483458, 
        "lpqoilfmippii tbofwmmsbltaqcqbh": 0.5879356069484142, 
        "qusrwhuualhe avejtgqvykq": 0.47163704505282045, 
        "utox": 0.8812931009773065, 
        "igzhvo avejtgqvykq h qgnynxsonv jiemd": 0.16738101111076242, 
        "opcl vampxetllrzak mxgnlad": 0.9880056211660522, 
        "wirgg livaorn uulqxx deatnzcsdcubbi juzdyl": 0.9572539817361577, 
        "nct": 0.7657343532699353, 
        "kaijqsfjhehsjxxeskh eswtlvumcec": 0.8863157764996593, 
        "pdebcry j bjmaoddzpaxv": 0.6978103302050425, 
        "ephcbztdmqg ykdtpr": 0.9030133423477951, 
        "umuamwhqeswar": 0.7660026256949987, 
        "toahjuzvmeuxulwsl ctl": 0.3879595231631302, 
        "ujtazvydrsqnmczkx lajmmcylv delqnmuc wsqjlmkga": 0.15055824179698374, 
        "nqpgvt y": 0.22035665469804078, 
        "sveqveaopmvsmcncq oymkgvrv jesaezugt": 0.7297189574593436, 
        "sgwbszywyh ikbpwdi": 0.1371473718783457, 
        "zeybeh qdgeckfrirbi lgxthveitjcvfn leomauqbwuzsduatt": 0.924747991684614, 
        "bsoosi iy": 0.12826677902050587, 
        "mcjjbfiozziknsjf d grsgqr": 0.9508303241032783, 
        "hapjktdkgpartoub": 0.7426157373953373, 
        "skohu vtuyhhnblz iynkwlconhgnbncpp": 0.3152614398390281, 
        "um kxzo vlxgyhfsar": 0.40372515977833934, 
        "rfwjhevtwrsxed wrbzobfkalzp l wz": 0.7436681493923736, 
        "opcl hx": 0.6917187645062006, 
        "eopjpg": 0.9769784717813962, 
        "xb hkz ngxx": 0.422024382233385, 
        "pzqaxuc piuxzkqv ex uqynth": 0.3069559562072829
    }, 
    "_e_jmst": {
        "lsnkfjfvyxybmgmzpb": 0.28964543867890347, 
        "x whkaj u": 0.04523630048041316, 
        "crta nauoti": 0.6207579633367614, 
        "cqld": 0.6439728846529817, 
        "aehzjbcdcmd znhmday wjygpwhlfkvbrswqv": 0.4318264128574931, 
        "ehrbkb nqto": 0.8314657827416178, 
        "opcl": 0.33665889013822825, 
        "okqcxkbaetf tk ctl gcbaduppjc": 0.08286975634652705, 
        "jqdkcpiovzifzfctrg": 0.5326767582584043, 
        "y cjvbpnrstkjdcc suku": 0.6250330457558767, 
        "oc vxwlbk phzo": 0.7617649563752116, 
        "tym mzszfmplmsjhqnjq nfspedapsgeu": 0.07616516628954828, 
        "jlsvrdggsoigbfru jf": 0.7704628579542145, 
        "qcvhefahw ewfcy okqcxkbaetf": 0.8975296410924177, 
        "n ojcnb": 0.731380878087106, 
        "kyi hgsakccadrf zgndhm zot": 0.2437515932388188, 
        "xc mzszfmplmsjhqnjq e": 0.5057741489998877, 
        "hegbdb a woan aehzjbcdcmd": 0.8300715088013072, 
        "lpqoilfmippii": 0.8161988258867109, 
        "eurfgd m nd sgwbszywyh": 0.04570457727397015, 
        "uulqxx": 0.7884528702653059, 
        "suku": 0.062266268614000864, 
        "w ghh devpaiwaq": 0.523497980651912, 
        "rts hrdjtq ksjzv": 0.9382252907667014, 
        "jddzfg apodcs jltc": 0.18453971581511097, 
        "lc bls": 0.26387998203915586, 
        "qsxdtqsvh wg rojgx hvad": 0.893051841153393, 
        "ub e pmtyg jiu xiiqcuanibjvzmzdrf": 0.27455999331180936, 
        "dizchjkl ex zdzhtrpmrqebsnx vmailcdynl": 0.009315219869232894, 
        "x ezct axnjih": 0.7077329698400457, 
        "culseza cvxu": 0.9067845916349148, 
        "wg q ephcbztdmqg yif": 0.8974166746074611, 
        "yqterlstzioobhdh hs q kzy": 0.7575711148147378, 
        "iqjamydheymsn jzqjaxcqha bad": 0.09746961992127257, 
        "jddzfg fohfvymublgjiwu sjfqcaqkrnk": 0.6616649411766727, 
        "l aqondi ypgo ezvagxfqatgqu lsnkfjfvyxybmgmzpb": 0.2560706585497238, 
        "a": 0.417422803038789, 
        "phgdabezrkhdc oqyrnjfk kylgzkdxwdbcgdmags hrdjtq": 0.7050030872689534, 
        "skohu ji": 0.08575644831979379, 
        "fvyphpqh": 0.9344095975514888, 
        "d": 0.012111049631086335,